name,image_filename
Fresh Green Chilis,01.jpg
Fresh Green Chilis,02.jpg
Fresh Green Chilis,03.jpg
Fresh Green Chilis,04.jpg
Fresh Green Chilis,05.jpg
Fresh Green Chilis,06.jpg
Fresh Green Chilis,07.jpg
Fresh Green Chilis,08.jpg
Fresh Green Chilis,09.jpg
Fresh Green Chilis,10.jpg
Fresh Green Chilis,11.jpg
Fresh Green Chilis,12.jpg
Fresh Green Chilis,13.jpg
Fresh Green Chilis,14.jpg
Fresh Green Chilis,15.jpg
Fresh Green Chilis,16.jpg
Fresh Green Chilis,17.jpg
Fresh Green Chilis,18.jpg
Fresh Green Chilis,19.jpg
Fresh Green Chilis,20.jpg